<?xml version="1.0" encoding="UTF-8"?>
<!-- Generated by eXe - http://exelearning.net -->
<manifest identifier="eXemoodle6579432c27a3690e17d1" xmlns="http://www.imsproject.org/xsd/imscp_rootv1p1p2" xmlns:adlcp="http://www.adlnet.org/xsd/adlcp_rootv1p2" xmlns:imsmd="http://www.imsglobal.org/xsd/imsmd_v1p2" xmlns:xsi="http://www.w3.org/2001/XMLSchema-instance" xsi:schemaLocation="http://www.imsproject.org/xsd/imscp_rootv1p1p2 imscp_rootv1p1p2.xsd http://www.imsglobal.org/xsd/imsmd_rootv1p2p1 imsmd_rootv1p2p1.xsd http://www.adlnet.org/xsd/adlcp_rootv1p2 adlcp_rootv1p2.xsd" > 
<metadata> 
 <schema>ADL SCORM</schema> 
 <schemaversion>1.2</schemaversion> 
 <adlcp:location>imslrm.xml</adlcp:location> 
</metadata> 
<organizations default="eXemoodle6579432c27a3690e17d2">  
    <organization identifier="eXemoodle6579432c27a3690e17d2" structure="hierarchical">
        <title>Test</title>
<item identifier="ITEM-eXemoodle6579432c27a3690e17d3" isvisible="true" identifierref="RES-eXemoodle6579432c27a3690e17d4">
    <title>Микрофронтенды, их особенности и способы реализации</title>
<item identifier="ITEM-eXemoodle6579432c27a3690e17d5" isvisible="true" identifierref="RES-eXemoodle6579432c27a3690e17d6">
    <title>Что такое микрофронтенды?</title>
</item>
<item identifier="ITEM-eXemoodle6579432c27a3690e17d7" isvisible="true" identifierref="RES-eXemoodle6579432c27a3690e17d8">
    <title>Особенности и преимущества микрофронтендов</title>
</item>
<item identifier="ITEM-eXemoodle6579432c27a3690e17d9" isvisible="true" identifierref="RES-eXemoodle6579432c27a3690e17da">
    <title>Способы реализации микрофронтендов - Основные</title>
</item>
<item identifier="ITEM-eXemoodle6579432c27a3690e17db" isvisible="true" identifierref="RES-eXemoodle6579432c27a3690e17dc">
    <title>Способы реализации микрофронтендов - ESI</title>
</item>
<item identifier="ITEM-eXemoodle6579432c27a3690e17dd" isvisible="true" identifierref="RES-eXemoodle6579432c27a3690e17de">
    <title>Способы реализации микрофронтендов - iframe и веб-компоненты</title>
</item>
<item identifier="ITEM-eXemoodle6579432c27a3690e17df" isvisible="true" identifierref="RES-eXemoodle6579432c27a3690e17e0">
    <title>Тест</title>
    <adlcp:masteryscore>30</adlcp:masteryscore>
</item>
</item>
  </organization>
</organizations>
<resources>
  <resource identifier="RES-eXemoodle6579432c27a3690e17d4" type="webcontent" adlcp:scormtype="sco" href="index.html"> 
    <file href="index.html"/> 
    <file href="exe_html5.js"/>
    <dependency identifierref="COMMON_FILES"/>
  </resource>
  <resource identifier="RES-eXemoodle6579432c27a3690e17d6" type="webcontent" adlcp:scormtype="sco" href="__.html"> 
    <file href="__.html"/> 
    <file href="exe_html5.js"/>
    <dependency identifierref="COMMON_FILES"/>
  </resource>
  <resource identifier="RES-eXemoodle6579432c27a3690e17d8" type="webcontent" adlcp:scormtype="sco" href="___.html"> 
    <file href="___.html"/> 
    <file href="exe_html5.js"/>
    <dependency identifierref="COMMON_FILES"/>
  </resource>
  <resource identifier="RES-eXemoodle6579432c27a3690e17da" type="webcontent" adlcp:scormtype="sco" href="____.html"> 
    <file href="____.html"/> 
    <file href="exe_html5.js"/>
    <dependency identifierref="COMMON_FILES"/>
  </resource>
  <resource identifier="RES-eXemoodle6579432c27a3690e17dc" type="webcontent" adlcp:scormtype="sco" href="____esi.html"> 
    <file href="____esi.html"/> 
    <file href="exe_html5.js"/>
    <dependency identifierref="COMMON_FILES"/>
  </resource>
  <resource identifier="RES-eXemoodle6579432c27a3690e17de" type="webcontent" adlcp:scormtype="sco" href="____iframe__.html"> 
    <file href="____iframe__.html"/> 
    <file href="exe_html5.js"/>
    <dependency identifierref="COMMON_FILES"/>
  </resource>
  <resource identifier="RES-eXemoodle6579432c27a3690e17e0" type="webcontent" adlcp:scormtype="sco" href="__0.html"> 
    <file href="__0.html"/> 
    <file href="exe_html5.js"/>
    <file href="common.js"/>
    <dependency identifierref="COMMON_FILES"/>
  </resource>
  <resource identifier="COMMON_FILES" type="webcontent" adlcp:scormtype="asset">
    <file href="EncodeSans-Light_latin-ext.woff2"/>
    <file href="EncodeSans-Light_latin.woff2"/>
    <file href="icon_stars.png"/>
    <file href="_intef_title_bg.png"/>
    <file href="nav.css"/>
    <file href="_intef_licenses.gif"/>
    <file href="icon_free_license.png"/>
    <file href="icon_award.png"/>
    <file href="icon_bulb.png"/>
    <file href="icon_plus.png"/>
    <file href="icon_tree.png"/>
    <file href="_intef_menu.gif"/>
    <file href="icon_microphone.png"/>
    <file href="icon_compass.png"/>
    <file href="icon_teacher_screen.png"/>
    <file href="icon_think.png"/>
    <file href="icon_classroom.png"/>
    <file href="content.css"/>
    <file href="icon_footprints.png"/>
    <file href="icon_etwinning.png"/>
    <file href="icon_gears.png"/>
    <file href="icon_presentation.png"/>
    <file href="icon_exe.png"/>
    <file href="icon_camera.png"/>
    <file href="EncodeSans-Light_vietnamese.woff2"/>
    <file href="icon_list.png"/>
    <file href="icon_write.png"/>
    <file href="icon_knowledge.png"/>
    <file href="icon_talk.png"/>
    <file href="_intef_icons.png"/>
    <file href="icon_beach.png"/>
    <file href="config.xml"/>
    <file href="icon_network.png"/>
    <file href="_intef_print.png"/>
    <file href="_intef_footer.png"/>
    <file href="icon_telescope.png"/>
    <file href="_intef_bg.png"/>
    <file href="_intef_header.png"/>
    <file href="_intef_js.js"/>
    <file href="_intef_left_column.gif"/>
    <file href="icon_puzzle.png"/>
    <file href="icon_share.png"/>
    <file href="icon_edia.png"/>
    <file href="icon_atom.png"/>
    <file href="base.css"/>
    <file href="popup_bg.gif"/>
    <file href="exe_powered_logo.png"/>
    <file href="SCORM_API_wrapper.js"/>
    <file href="SCOFunctions.js"/>
    <file href="common.js"/>
    <file href="common_i18n.js"/>
    <file href="exe_jquery.js"/>
    <file href="content.xsd"/>
    <file href="content.data"/>
    <file href="contentv3.xml"/>
    <file href="imslrm.xml"/>
  </resource>
</resources>
</manifest>
